Component_ID,Lot_ID,Value_0h,Value_24h,Value_96h,Value_168h,Component_Type,Ground_Truth
C0001,L01,10.248,12.193,16.304,24.622,Gradual_Degradation,Anomaly
C0002,L01,10.14,12.544,17.168,25.711,Gradual_Degradation,Anomaly
C0003,L01,9.768,10.175,10.391,11.772,Normal,Normal
C0004,L01,10.408,10.603,11.331,11.766,Normal,Normal
C0005,L01,10.733,11.188,12.956,14.113,Normal,Normal
C0006,L01,10.061,10.458,11.278,12.161,Normal,Normal
C0007,L01,9.699,10.57,11.41,12.407,Normal,Normal
C0008,L01,9.885,10.463,11.526,11.742,Normal,Normal
C0009,L01,9.336,16.533,28.97,44.734,Latent_Defect,Anomaly
C0010,L01,9.495,9.679,10.541,11.963,Normal,Normal
C0011,L01,10.172,10.319,11.494,12.849,Normal,Normal
C0012,L01,10.447,11.098,11.846,12.723,Normal,Normal
C0013,L01,10.166,10.861,11.807,12.643,Normal,Normal
C0014,L01,10.59,10.91,11.889,13.29,Normal,Normal
C0015,L01,10.181,11.923,18.119,26.457,Gradual_Degradation,Anomaly
C0016,L01,11.686,12.002,13.028,13.909,Normal,Normal
C0017,L01,10.046,10.148,24.08,27.584,Sudden_Degradation,Anomaly
C0018,L01,9.605,10.254,11.012,11.811,Normal,Normal
C0019,L01,10.458,12.589,18.687,26.862,Gradual_Degradation,Anomaly
C0020,L01,9.845,10.48,11.362,11.777,Normal,Normal
C0021,L01,10.148,10.7,10.904,12.042,Normal,Normal
C0022,L01,9.802,10.244,11.196,12.358,Normal,Normal
C0023,L01,10.943,11.478,12.472,12.803,Normal,Normal
C0024,L01,9.464,9.765,10.783,12.769,Normal,Normal
C0025,L01,9.904,10.464,11.566,12.563,Normal,Normal
C0026,L01,10.384,11.924,17.557,24.647,Gradual_Degradation,Anomaly
C0027,L01,10.701,10.921,11.657,12.688,Normal,Normal
C0028,L01,9.753,10.438,11.468,12.266,Normal,Normal
C0029,L01,9.225,9.738,10.899,11.533,Normal,Normal
C0030,L01,10.31,10.778,11.543,12.414,Normal,Normal
C0031,L01,10.407,11.914,18.006,28.545,Gradual_Degradation,Anomaly
C0032,L01,9.838,10.297,25.816,31.598,Sudden_Degradation,Anomaly
C0033,L01,9.382,10.853,16.347,25.565,Gradual_Degradation,Anomaly
C0034,L01,10.113,10.783,11.871,12.585,Normal,Normal
C0035,L01,10.933,11.528,12.748,13.366,Normal,Normal
C0036,L01,9.624,11.172,16.943,25.356,Gradual_Degradation,Anomaly
C0037,L01,10.411,11.29,11.879,12.571,Normal,Normal
C0038,L01,10.439,10.891,11.895,13.477,Normal,Normal
C0039,L01,9.868,10.912,11.623,13.014,Normal,Normal
C0040,L01,10.021,10.494,11.426,12.712,Normal,Normal
C0041,L01,10.237,17.164,28.259,43.813,Latent_Defect,Anomaly
C0042,L01,10.523,10.954,12.019,12.52,Normal,Normal
C0043,L01,10.087,10.664,11.733,12.409,Normal,Normal
C0044,L01,10.529,12.549,18.416,27.469,Gradual_Degradation,Anomaly
C0045,L01,9.311,10.936,16.18,24.437,Gradual_Degradation,Anomaly
C0046,L01,10.012,10.686,11.858,13.312,Normal,Normal
C0047,L01,10.477,11.107,23.802,27.301,Sudden_Degradation,Anomaly
C0048,L01,10.083,10.411,12.106,12.359,Normal,Normal
C0049,L01,10.343,10.521,11.253,12.119,Normal,Normal
C0050,L01,10.78,11.306,12.087,13.173,Normal,Normal
C0051,L01,10.023,10.392,11.801,13.133,Normal,Normal
C0052,L01,10.008,10.596,11.397,12.738,Normal,Normal
C0053,L01,9.604,10.081,10.849,12.514,Normal,Normal
C0054,L01,9.833,10.269,11.799,12.961,Normal,Normal
C0055,L01,9.37,17.287,30.042,47.345,Latent_Defect,Anomaly
C0056,L01,9.337,10.205,11.585,12.302,Normal,Normal
C0057,L01,10.222,10.877,11.871,12.498,Normal,Normal
C0058,L01,9.353,9.832,11.321,11.749,Normal,Normal
C0059,L01,9.78,10.306,11.324,13.263,Normal,Normal
C0060,L01,10.202,10.884,11.944,12.704,Normal,Normal
C0061,L01,10.035,10.458,21.663,27.944,Sudden_Degradation,Anomaly
C0062,L01,9.692,10.615,11.569,12.804,Normal,Normal
C0063,L01,10.14,10.516,11.781,12.596,Normal,Normal
C0064,L01,9.689,10.118,11.388,12.511,Normal,Normal
C0065,L01,10.406,11.032,12.198,12.914,Normal,Normal
C0066,L01,9.106,10.618,16.056,23.853,Gradual_Degradation,Anomaly
C0067,L01,9.891,12.331,17.004,25.266,Gradual_Degradation,Anomaly
C0068,L01,10.006,12.378,17.924,25.614,Gradual_Degradation,Anomaly
C0069,L01,10.162,17.032,32.857,48.987,Latent_Defect,Anomaly
C0070,L01,9.104,9.515,10.862,12.179,Normal,Normal
C0071,L01,10.312,10.938,11.728,12.724,Normal,Normal
C0072,L01,8.955,9.809,23.158,27.837,Sudden_Degradation,Anomaly
C0073,L01,10.206,10.594,11.464,12.545,Normal,Normal
C0074,L01,10.28,10.954,11.52,11.957,Normal,Normal
C0075,L01,9.641,11.555,14.926,24.496,Gradual_Degradation,Anomaly
C0076,L01,9.849,10.348,11.445,12.114,Normal,Normal
C0077,L01,10.26,18.792,27.901,40.213,Latent_Defect,Anomaly
C0078,L01,9.828,17.286,29.734,43.759,Latent_Defect,Anomaly
C0079,L01,10.049,16.276,32.827,47.64,Latent_Defect,Anomaly
C0080,L01,9.784,10.656,11.918,12.991,Normal,Normal
C0081,L01,11.095,11.433,12.386,12.844,Normal,Normal
C0082,L01,10.516,10.654,11.757,13.507,Normal,Normal
C0083,L01,10.475,10.86,12.082,13.673,Normal,Normal
C0084,L01,10.35,10.824,28.183,32.713,Sudden_Degradation,Anomaly
C0085,L01,9.143,17.497,30.049,44.606,Latent_Defect,Anomaly
C0086,L01,8.774,9.094,10.095,11.114,Normal,Normal
C0087,L01,9.775,10.4,10.989,12.203,Normal,Normal
C0088,L01,10.53,11.338,12.438,13.139,Normal,Normal
C0089,L01,10.776,11.299,12.35,13.811,Normal,Normal
C0090,L01,10.513,11.047,12.24,13.788,Normal,Normal
C0091,L01,9.518,10.155,10.635,12.213,Normal,Normal
C0092,L01,10.443,10.916,12.366,13.396,Normal,Normal
C0093,L01,10.814,11.038,26.009,31.805,Sudden_Degradation,Anomaly
C0094,L01,9.859,15.195,23.06,36.881,Latent_Defect,Anomaly
C0095,L01,9.348,9.982,10.651,11.846,Normal,Normal
C0096,L01,10.374,10.816,11.52,12.721,Normal,Normal
C0097,L01,9.735,10.076,10.646,11.569,Normal,Normal
C0098,L01,10.029,10.072,10.862,11.948,Normal,Normal
C0099,L01,9.944,11.855,16.266,24.846,Gradual_Degradation,Anomaly
C0100,L01,9.726,9.981,10.526,12.073,Normal,Normal
C0101,L02,10.822,11.273,12.528,13.133,Normal,Normal
C0102,L02,10.014,10.708,11.67,12.287,Normal,Normal
C0103,L02,9.197,9.737,10.681,11.662,Normal,Normal
C0104,L02,9.469,9.838,11.345,12.697,Normal,Normal
C0105,L02,9.996,10.792,12.504,13.91,Normal,Normal
C0106,L02,9.78,10.596,11.333,11.78,Normal,Normal
C0107,L02,10.463,11.345,12.353,13.404,Normal,Normal
C0108,L02,9.819,10.272,11.076,11.882,Normal,Normal
C0109,L02,9.704,10.031,10.28,11.554,Normal,Normal
C0110,L02,10.195,10.678,24.525,30.28,Sudden_Degradation,Anomaly
C0111,L02,10.25,10.555,29.642,36.261,Sudden_Degradation,Anomaly
C0112,L02,10.467,10.814,11.585,11.863,Normal,Normal
C0113,L02,9.186,9.696,10.239,11.558,Normal,Normal
C0114,L02,9.43,9.984,10.788,11.807,Normal,Normal
C0115,L02,9.57,9.993,10.812,12.116,Normal,Normal
C0116,L02,10.553,11.207,11.466,12.147,Normal,Normal
C0117,L02,10.289,12.207,17.343,25.432,Gradual_Degradation,Anomaly
C0118,L02,10.244,12.876,18.146,25.734,Gradual_Degradation,Anomaly
C0119,L02,9.756,10.17,11.333,12.747,Normal,Normal
C0120,L02,8.896,9.468,26.871,31.462,Sudden_Degradation,Anomaly
C0121,L02,8.981,9.279,10.595,11.257,Normal,Normal
C0122,L02,9.21,9.713,26.372,29.161,Sudden_Degradation,Anomaly
C0123,L02,10.118,10.772,11.822,13.049,Normal,Normal
C0124,L02,9.563,11.402,16.909,27.179,Gradual_Degradation,Anomaly
C0125,L02,10.091,10.641,11.313,11.986,Normal,Normal
C0126,L02,10.755,11.335,28.41,32.9,Sudden_Degradation,Anomaly
C0127,L02,9.865,11.474,16.132,23.579,Gradual_Degradation,Anomaly
C0128,L02,10.482,11.177,12.301,14.051,Normal,Normal
C0129,L02,9.613,9.864,10.915,12.25,Normal,Normal
C0130,L02,9.555,9.59,25.15,29.024,Sudden_Degradation,Anomaly
C0131,L02,11.223,11.749,13.283,14.519,Normal,Normal
C0132,L02,10.108,10.697,12.261,13.8,Normal,Normal
C0133,L02,10.797,11.194,26.014,31.795,Sudden_Degradation,Anomaly
C0134,L02,11.269,11.874,12.827,13.656,Normal,Normal
C0135,L02,9.494,9.663,10.594,11.845,Normal,Normal
C0136,L02,10.635,10.971,11.893,12.292,Normal,Normal
C0137,L02,9.877,10.323,11.564,12.501,Normal,Normal
C0138,L02,10.54,10.671,11.591,12.148,Normal,Normal
C0139,L02,11.287,11.799,12.564,13.833,Normal,Normal
C0140,L02,9.943,10.474,11.464,12.246,Normal,Normal
C0141,L02,9.644,11.686,17.797,23.138,Gradual_Degradation,Anomaly
C0142,L02,8.961,9.213,10.11,10.961,Normal,Normal
C0143,L02,9.296,9.641,10.532,11.504,Normal,Normal
C0144,L02,10.243,10.588,11.805,12.353,Normal,Normal
C0145,L02,9.738,10.336,11.23,12.139,Normal,Normal
C0146,L02,10.407,10.719,24.997,31.156,Sudden_Degradation,Anomaly
C0147,L02,9.459,10.083,10.582,12.288,Normal,Normal
C0148,L02,9.379,9.716,10.249,11.491,Normal,Normal
C0149,L02,9.36,10.211,10.685,11.467,Normal,Normal
C0150,L02,10.486,12.474,17.183,25.126,Gradual_Degradation,Anomaly
C0151,L02,10.154,10.312,11.125,11.958,Normal,Normal
C0152,L02,9.356,9.876,10.935,11.543,Normal,Normal
C0153,L02,10.204,10.364,11.223,12.434,Normal,Normal
C0154,L02,10.81,11.624,12.072,12.56,Normal,Normal
C0155,L02,9.688,10.193,11.088,12.168,Normal,Normal
C0156,L02,9.283,9.899,10.622,11.081,Normal,Normal
C0157,L02,9.512,10.223,11.847,12.725,Normal,Normal
C0158,L02,10.048,10.583,11.411,12.46,Normal,Normal
C0159,L02,11.28,11.761,12.655,13.752,Normal,Normal
C0160,L02,10.09,10.523,11.335,13.06,Normal,Normal
C0161,L02,10.354,12.129,16.259,25.188,Gradual_Degradation,Anomaly
C0162,L02,9.119,9.847,10.825,12.073,Normal,Normal
C0163,L02,10.089,10.322,26.955,32.574,Sudden_Degradation,Anomaly
C0164,L02,10.643,13.068,18.012,24.351,Gradual_Degradation,Anomaly
C0165,L02,10.215,10.756,12.002,13.055,Normal,Normal
C0166,L02,10.223,17.01,28.931,44.294,Latent_Defect,Anomaly
C0167,L02,10.014,10.52,11.099,12.299,Normal,Normal
C0168,L02,9.479,11.99,16.84,24.401,Gradual_Degradation,Anomaly
C0169,L02,10.723,11.263,12.523,13.636,Normal,Normal
C0170,L02,9.325,9.942,10.967,12.393,Normal,Normal
C0171,L02,9.741,10.523,11.799,12.925,Normal,Normal
C0172,L02,9.159,10.456,15.12,22.838,Gradual_Degradation,Anomaly
C0173,L02,9.328,9.644,10.064,10.581,Normal,Normal
C0174,L02,9.465,10.101,27.07,31.856,Sudden_Degradation,Anomaly
C0175,L02,9.975,10.61,11.96,13.609,Normal,Normal
C0176,L02,9.215,9.73,10.543,11.321,Normal,Normal
C0177,L02,9.681,10.419,11.307,11.838,Normal,Normal
C0178,L02,10.398,11.108,11.942,13.195,Normal,Normal
C0179,L02,10.101,10.298,11.046,12.112,Normal,Normal
C0180,L02,9.819,10.435,11.521,12.655,Normal,Normal
C0181,L02,10.329,11.231,11.707,12.204,Normal,Normal
C0182,L02,10.442,10.752,11.597,12.686,Normal,Normal
C0183,L02,9.992,10.729,12.091,13.228,Normal,Normal
C0184,L02,10.662,10.936,12.111,12.967,Normal,Normal
C0185,L02,10.295,11.017,26.828,32.543,Sudden_Degradation,Anomaly
C0186,L02,10.251,10.923,12.337,13.597,Normal,Normal
C0187,L02,9.916,10.446,11.239,12.437,Normal,Normal
C0188,L02,10.209,10.789,11.847,12.865,Normal,Normal
C0189,L02,9.32,9.969,11.418,12.503,Normal,Normal
C0190,L02,10.133,10.553,11.524,12.636,Normal,Normal
C0191,L02,10.304,10.841,11.894,13.057,Normal,Normal
C0192,L02,9.907,11.745,16.851,24.151,Gradual_Degradation,Anomaly
C0193,L02,10.598,10.793,11.903,12.693,Normal,Normal
C0194,L02,9.934,11.12,15.676,25.557,Gradual_Degradation,Anomaly
C0195,L02,9.276,9.336,10.531,11.926,Normal,Normal
C0196,L02,10.561,11.323,12.518,13.478,Normal,Normal
C0197,L02,10.923,11.209,12.479,13.396,Normal,Normal
C0198,L02,9.645,10.011,10.635,12.213,Normal,Normal
C0199,L02,9.959,18.076,30.616,44.155,Latent_Defect,Anomaly
C0200,L02,10.354,12.643,18.157,27.486,Gradual_Degradation,Anomaly
C0201,L03,10.098,12.382,16.557,24.508,Gradual_Degradation,Anomaly
C0202,L03,10.187,10.536,11.524,11.952,Normal,Normal
C0203,L03,10.064,10.428,11.237,12.636,Normal,Normal
C0204,L03,9.862,10.356,11.221,11.251,Normal,Normal
C0205,L03,9.208,9.86,10.972,12.163,Normal,Normal
C0206,L03,9.988,10.374,11.373,11.909,Normal,Normal
C0207,L03,10.752,11.427,12.164,13.179,Normal,Normal
C0208,L03,9.865,10.348,11.048,11.935,Normal,Normal
C0209,L03,10.899,13.155,17.76,25.315,Gradual_Degradation,Anomaly
C0210,L03,10.138,11.818,16.866,24.219,Gradual_Degradation,Anomaly
C0211,L03,10.349,12.507,17.043,26.132,Gradual_Degradation,Anomaly
C0212,L03,10.057,12.437,19.098,26.408,Gradual_Degradation,Anomaly
C0213,L03,10.868,11.408,12.098,12.886,Normal,Normal
C0214,L03,10.309,11.035,12.553,13.728,Normal,Normal
C0215,L03,10.019,10.543,11.392,12.477,Normal,Normal
C0216,L03,10.546,12.501,17.115,26.689,Gradual_Degradation,Anomaly
C0217,L03,9.387,14.923,23.799,41.803,Latent_Defect,Anomaly
C0218,L03,9.947,10.803,25.458,31.342,Sudden_Degradation,Anomaly
C0219,L03,10.326,10.511,26.577,30.323,Sudden_Degradation,Anomaly
C0220,L03,10.688,11.344,12.492,13.596,Normal,Normal
C0221,L03,9.725,16.053,28.701,42.118,Latent_Defect,Anomaly
C0222,L03,9.175,9.665,26.208,28.36,Sudden_Degradation,Anomaly
C0223,L03,10.574,10.726,11.839,12.804,Normal,Normal
C0224,L03,10.404,10.654,11.514,12.653,Normal,Normal
C0225,L03,9.977,10.572,10.943,12.045,Normal,Normal
C0226,L03,9.87,10.617,12.067,13.407,Normal,Normal
C0227,L03,9.826,10.256,11.51,12.999,Normal,Normal
C0228,L03,10.607,12.571,18.396,26.634,Gradual_Degradation,Anomaly
C0229,L03,9.87,10.331,11.346,12.071,Normal,Normal
C0230,L03,9.935,10.228,25.385,28.387,Sudden_Degradation,Anomaly
C0231,L03,10.458,11.027,11.397,13.572,Normal,Normal
C0232,L03,9.564,10.145,11.478,12.062,Normal,Normal
C0233,L03,10.306,16.253,28.806,41.505,Latent_Defect,Anomaly
C0234,L03,10.537,11.004,12.265,13.463,Normal,Normal
C0235,L03,10.075,10.648,11.937,13.06,Normal,Normal
C0236,L03,9.776,10.289,27.5,33.687,Sudden_Degradation,Anomaly
C0237,L03,10.319,10.591,11.359,12.478,Normal,Normal
C0238,L03,10.503,12.402,18.693,27.146,Gradual_Degradation,Anomaly
C0239,L03,9.878,10.571,11.885,13.113,Normal,Normal
C0240,L03,10.361,10.988,11.943,12.993,Normal,Normal
C0241,L03,9.913,10.417,11.033,11.376,Normal,Normal
C0242,L03,9.557,10.368,11.176,11.647,Normal,Normal
C0243,L03,10.821,11.523,11.848,12.575,Normal,Normal
C0244,L03,10.03,10.755,11.338,11.68,Normal,Normal
C0245,L03,10.511,11.499,12.703,13.933,Normal,Normal
C0246,L03,9.874,10.452,23.944,28.663,Sudden_Degradation,Anomaly
C0247,L03,9.154,9.634,10.925,11.678,Normal,Normal
C0248,L03,9.044,9.623,10.326,11.703,Normal,Normal
C0249,L03,9.509,9.964,10.673,11.893,Normal,Normal
C0250,L03,10.923,11.468,11.99,13.166,Normal,Normal
C0251,L03,9.99,12.211,16.748,24.812,Gradual_Degradation,Anomaly
C0252,L03,10.236,10.764,11.778,12.795,Normal,Normal
C0253,L03,9.649,10.016,11.361,12.241,Normal,Normal
C0254,L03,9.862,10.513,11.297,12.655,Normal,Normal
C0255,L03,9.853,10.602,11.674,12.361,Normal,Normal
C0256,L03,11.111,11.364,12.554,13.719,Normal,Normal
C0257,L03,9.907,10.381,11.749,13.398,Normal,Normal
C0258,L03,9.232,9.785,10.759,12.79,Normal,Normal
C0259,L03,9.598,10.426,11.719,13.161,Normal,Normal
C0260,L03,10.151,10.545,11.431,12.349,Normal,Normal
C0261,L03,9.709,10.006,10.83,11.751,Normal,Normal
C0262,L03,9.62,11.634,16.821,23.265,Gradual_Degradation,Anomaly
C0263,L03,10.165,10.832,11.48,11.987,Normal,Normal
C0264,L03,10.347,13.126,17.562,25.506,Gradual_Degradation,Anomaly
C0265,L03,10.279,10.794,11.497,12.749,Normal,Normal
C0266,L03,9.543,10.059,10.838,12.333,Normal,Normal
C0267,L03,10.546,11.167,25.1,28.693,Sudden_Degradation,Anomaly
C0268,L03,10.036,12.349,19.204,27.597,Gradual_Degradation,Anomaly
C0269,L03,10.096,10.534,11.685,12.918,Normal,Normal
C0270,L03,9.465,9.787,10.236,11.439,Normal,Normal
C0271,L03,9.448,9.518,10.769,11.781,Normal,Normal
C0272,L03,10.126,10.625,25.789,30.69,Sudden_Degradation,Anomaly
C0273,L03,10.46,10.901,27.038,32.638,Sudden_Degradation,Anomaly
C0274,L03,9.746,10.199,11.36,12.001,Normal,Normal
C0275,L03,10.014,10.512,11.445,12.524,Normal,Normal
C0276,L03,11.232,13.112,18.121,24.809,Gradual_Degradation,Anomaly
C0277,L03,9.467,9.906,11.059,12.08,Normal,Normal
C0278,L03,9.099,9.469,10.188,11.13,Normal,Normal
C0279,L03,9.395,10.015,10.725,11.892,Normal,Normal
C0280,L03,9.656,16.593,28.89,42.216,Latent_Defect,Anomaly
C0281,L03,9.693,10.133,11.138,11.846,Normal,Normal
C0282,L03,9.233,9.915,10.149,11.523,Normal,Normal
C0283,L03,9.317,9.772,11.134,12.007,Normal,Normal
C0284,L03,10.439,11.092,11.919,11.882,Normal,Normal
C0285,L03,9.727,10.305,11.007,11.995,Normal,Normal
C0286,L03,9.02,11.844,16.822,23.889,Gradual_Degradation,Anomaly
C0287,L03,9.778,11.424,14.582,22.137,Gradual_Degradation,Anomaly
C0288,L03,9.563,10.652,15.117,24.157,Gradual_Degradation,Anomaly
C0289,L03,9.697,10.562,11.536,12.904,Normal,Normal
C0290,L03,10.705,11.448,29.052,35.613,Sudden_Degradation,Anomaly
C0291,L03,10.016,10.365,11.392,13.081,Normal,Normal
C0292,L03,9.886,10.404,11.294,12.368,Normal,Normal
C0293,L03,9.326,9.632,10.836,12.299,Normal,Normal
C0294,L03,9.774,10.187,11.543,12.83,Normal,Normal
C0295,L03,10.498,10.847,11.471,12.27,Normal,Normal
C0296,L03,10.141,11.77,17.135,27.3,Gradual_Degradation,Anomaly
C0297,L03,9.678,17.606,32.517,50.116,Latent_Defect,Anomaly
C0298,L03,10.373,10.992,11.882,12.546,Normal,Normal
C0299,L03,9.478,9.584,10.758,11.817,Normal,Normal
C0300,L03,9.758,10.192,11.284,12.61,Normal,Normal
C0301,L04,10.43,10.814,27.489,31.675,Sudden_Degradation,Anomaly
C0302,L04,10.607,12.551,18.081,27.255,Gradual_Degradation,Anomaly
C0303,L04,10.091,15.794,27.605,41.433,Latent_Defect,Anomaly
C0304,L04,10.406,11.022,12.393,13.402,Normal,Normal
C0305,L04,10.154,10.995,11.425,12.456,Normal,Normal
C0306,L04,10.906,11.53,29.11,34.783,Sudden_Degradation,Anomaly
C0307,L04,9.931,10.186,11.434,12.064,Normal,Normal
C0308,L04,10.644,11.059,12.56,13.718,Normal,Normal
C0309,L04,9.402,9.991,11.074,12.656,Normal,Normal
C0310,L04,9.275,9.554,10.771,11.621,Normal,Normal
C0311,L04,10.863,11.284,22.886,29.343,Sudden_Degradation,Anomaly
C0312,L04,10.841,11.19,11.733,13.238,Normal,Normal
C0313,L04,9.724,10.736,11.774,12.498,Normal,Normal
C0314,L04,10.931,11.808,13.115,14.352,Normal,Normal
C0315,L04,10.389,10.779,12.114,12.854,Normal,Normal
C0316,L04,10.474,11.11,11.768,12.69,Normal,Normal
C0317,L04,9.642,9.768,10.912,11.366,Normal,Normal
C0318,L04,10.095,10.71,12.077,13.309,Normal,Normal
C0319,L04,9.887,11.503,17.462,23.525,Gradual_Degradation,Anomaly
C0320,L04,9.373,9.943,10.985,11.278,Normal,Normal
C0321,L04,10.162,10.632,11.942,12.864,Normal,Normal
C0322,L04,9.816,11.976,16.04,21.168,Gradual_Degradation,Anomaly
C0323,L04,9.986,10.841,12.111,13.422,Normal,Normal
C0324,L04,10.177,10.458,11.688,13.178,Normal,Normal
C0325,L04,9.95,10.409,11.516,12.427,Normal,Normal
C0326,L04,9.58,11.211,17.405,25.134,Gradual_Degradation,Anomaly
C0327,L04,9.989,10.34,11.37,11.918,Normal,Normal
C0328,L04,9.119,9.413,24.547,30.063,Sudden_Degradation,Anomaly
C0329,L04,9.219,11.007,15.119,23.686,Gradual_Degradation,Anomaly
C0330,L04,9.333,18.748,27.518,43.847,Latent_Defect,Anomaly
C0331,L04,9.633,9.971,27.006,34.669,Sudden_Degradation,Anomaly
C0332,L04,9.852,11.913,16.251,24.337,Gradual_Degradation,Anomaly
C0333,L04,9.464,9.38,10.245,12.049,Normal,Normal
C0334,L04,10.885,11.178,12.184,12.893,Normal,Normal
C0335,L04,9.909,10.684,11.495,12.736,Normal,Normal
C0336,L04,9.645,10.043,11.08,12.73,Normal,Normal
C0337,L04,10.162,10.611,24.89,30.402,Sudden_Degradation,Anomaly
C0338,L04,10.159,12.146,17.852,25.775,Gradual_Degradation,Anomaly
C0339,L04,9.91,11.048,12.36,13.562,Normal,Normal
C0340,L04,10.655,17.087,29.313,40.437,Latent_Defect,Anomaly
C0341,L04,10.46,10.826,12.182,13.397,Normal,Normal
C0342,L04,10.383,10.844,11.99,12.651,Normal,Normal
C0343,L04,9.678,10.384,24.853,30.337,Sudden_Degradation,Anomaly
C0344,L04,9.727,10.124,23.213,28.637,Sudden_Degradation,Anomaly
C0345,L04,11.031,11.318,12.375,13.472,Normal,Normal
C0346,L04,10.261,10.762,11.443,12.614,Normal,Normal
C0347,L04,9.906,10.604,11.613,12.507,Normal,Normal
C0348,L04,10.896,11.441,26.83,31.477,Sudden_Degradation,Anomaly
C0349,L04,10.169,12.051,18.497,26.848,Gradual_Degradation,Anomaly
C0350,L04,9.848,11.066,14.369,21.761,Gradual_Degradation,Anomaly
C0351,L04,10.648,11.144,12.308,12.972,Normal,Normal
C0352,L04,9.717,10.135,11.62,12.491,Normal,Normal
C0353,L04,10.609,11.413,12.382,13.872,Normal,Normal
C0354,L04,10.019,10.546,11.192,12.667,Normal,Normal
C0355,L04,9.768,10.308,11.187,12.397,Normal,Normal
C0356,L04,9.745,10.401,11.439,13.214,Normal,Normal
C0357,L04,9.5,9.864,11.173,11.646,Normal,Normal
C0358,L04,10.362,10.995,12.118,13.022,Normal,Normal
C0359,L04,10.336,11.216,11.705,11.794,Normal,Normal
C0360,L04,10.07,10.791,11.63,12.594,Normal,Normal
C0361,L04,10.166,10.704,11.574,12.874,Normal,Normal
C0362,L04,10.098,12.225,16.476,25.562,Gradual_Degradation,Anomaly
C0363,L04,9.732,10.394,26.073,30.427,Sudden_Degradation,Anomaly
C0364,L04,9.545,10.063,11.057,11.936,Normal,Normal
C0365,L04,10.4,10.577,11.892,12.546,Normal,Normal
C0366,L04,10.214,10.894,11.863,12.795,Normal,Normal
C0367,L04,10.035,10.767,11.872,13.337,Normal,Normal
C0368,L04,10.133,12.389,17.541,26.542,Gradual_Degradation,Anomaly
C0369,L04,8.648,9.284,10.726,11.585,Normal,Normal
C0370,L04,10.443,10.989,12.473,13.999,Normal,Normal
C0371,L04,10.82,11.468,12.179,13.191,Normal,Normal
C0372,L04,9.872,9.891,10.928,12.149,Normal,Normal
C0373,L04,10.022,10.861,11.829,12.755,Normal,Normal
C0374,L04,9.78,9.839,10.71,11.433,Normal,Normal
C0375,L04,9.297,9.78,10.512,11.244,Normal,Normal
C0376,L04,9.898,10.399,11.306,12.005,Normal,Normal
C0377,L04,10.16,10.928,12.041,12.969,Normal,Normal
C0378,L04,9.61,10.072,10.976,11.657,Normal,Normal
C0379,L04,10.538,11.042,11.923,12.661,Normal,Normal
C0380,L04,9.311,9.44,10.52,11.723,Normal,Normal
C0381,L04,9.209,11.567,16.683,24.069,Gradual_Degradation,Anomaly
C0382,L04,9.646,10.214,10.569,11.281,Normal,Normal
C0383,L04,9.894,11.5,16.909,24.741,Gradual_Degradation,Anomaly
C0384,L04,10.613,11.345,12.315,13.323,Normal,Normal
C0385,L04,10.354,10.901,12.015,13.27,Normal,Normal
C0386,L04,10.029,10.38,11.37,12.287,Normal,Normal
C0387,L04,9.936,10.059,10.472,11.765,Normal,Normal
C0388,L04,10.428,12.943,17.426,27.201,Gradual_Degradation,Anomaly
C0389,L04,9.403,10.087,11.007,12.581,Normal,Normal
C0390,L04,10.264,10.862,25.593,31.404,Sudden_Degradation,Anomaly
C0391,L04,10.397,10.547,12.023,13.335,Normal,Normal
C0392,L04,9.507,10.303,10.971,11.885,Normal,Normal
C0393,L04,9.846,10.502,11.517,12.452,Normal,Normal
C0394,L04,9.294,10.036,10.531,11.209,Normal,Normal
C0395,L04,10.482,11.306,12.873,13.688,Normal,Normal
C0396,L04,9.977,10.248,11.412,12.414,Normal,Normal
C0397,L04,9.782,10.26,10.93,11.786,Normal,Normal
C0398,L04,9.098,9.527,25.921,30.587,Sudden_Degradation,Anomaly
C0399,L04,10.587,17.956,26.877,37.904,Latent_Defect,Anomaly
C0400,L04,10.264,10.357,11.876,13.769,Normal,Normal
C0401,L05,10.319,10.919,11.6,12.251,Normal,Normal
C0402,L05,9.369,15.504,23.546,39.041,Latent_Defect,Anomaly
C0403,L05,9.464,10.011,10.95,12.884,Normal,Normal
C0404,L05,10.146,10.826,11.457,12.656,Normal,Normal
C0405,L05,9.767,10.246,10.789,11.885,Normal,Normal
C0406,L05,10.133,10.987,26.603,31.211,Sudden_Degradation,Anomaly
C0407,L05,10.135,10.566,11.529,12.06,Normal,Normal
C0408,L05,9.993,10.571,22.025,28.287,Sudden_Degradation,Anomaly
C0409,L05,9.547,11.286,16.478,22.058,Gradual_Degradation,Anomaly
C0410,L05,11.358,11.804,26.694,31.98,Sudden_Degradation,Anomaly
C0411,L05,10.261,10.89,12.239,13.158,Normal,Normal
C0412,L05,9.932,10.633,11.83,12.908,Normal,Normal
C0413,L05,9.991,10.413,11.699,13.139,Normal,Normal
C0414,L05,9.795,10.146,10.958,12.303,Normal,Normal
C0415,L05,10.477,11.079,12.234,13.52,Normal,Normal
C0416,L05,10.211,11.973,17.924,26.633,Gradual_Degradation,Anomaly
C0417,L05,10.176,10.89,11.644,12.634,Normal,Normal
C0418,L05,9.18,9.353,10.116,10.992,Normal,Normal
C0419,L05,9.053,9.596,11.032,12.034,Normal,Normal
C0420,L05,9.91,10.427,10.945,11.64,Normal,Normal
C0421,L05,9.615,11.239,16.116,24.816,Gradual_Degradation,Anomaly
C0422,L05,9.861,10.487,11.678,12.182,Normal,Normal
C0423,L05,10.03,10.585,11.329,12.463,Normal,Normal
C0424,L05,10.004,10.705,12.245,13.74,Normal,Normal
C0425,L05,10.105,10.507,11.76,12.983,Normal,Normal
C0426,L05,10.118,10.892,12.01,12.806,Normal,Normal
C0427,L05,9.987,10.133,11.234,11.855,Normal,Normal
C0428,L05,9.687,10.19,11.092,12.154,Normal,Normal
C0429,L05,10.413,10.739,11.657,12.346,Normal,Normal
C0430,L05,10.364,10.767,11.845,12.923,Normal,Normal
C0431,L05,10.425,10.898,11.878,13.671,Normal,Normal
C0432,L05,10.784,12.253,18.025,27.262,Gradual_Degradation,Anomaly
C0433,L05,10.044,10.584,11.645,12.531,Normal,Normal
C0434,L05,9.781,10.309,11.309,12.55,Normal,Normal
C0435,L05,9.278,9.319,9.897,10.331,Normal,Normal
C0436,L05,10.618,11.054,27.298,31.159,Sudden_Degradation,Anomaly
C0437,L05,10.52,11.004,12.296,13.937,Normal,Normal
C0438,L05,9.629,10.045,10.785,12.235,Normal,Normal
C0439,L05,9.405,12.062,17.216,25.068,Gradual_Degradation,Anomaly
C0440,L05,9.561,9.778,10.791,11.39,Normal,Normal
C0441,L05,10.37,10.768,11.31,11.857,Normal,Normal
C0442,L05,9.891,9.863,11.587,12.901,Normal,Normal
C0443,L05,9.99,16.727,32.763,47.196,Latent_Defect,Anomaly
C0444,L05,10.527,12.237,17.588,25.608,Gradual_Degradation,Anomaly
C0445,L05,10.336,10.955,12.249,12.952,Normal,Normal
C0446,L05,8.919,9.47,10.52,11.54,Normal,Normal
C0447,L05,10.087,12.184,15.365,22.429,Gradual_Degradation,Anomaly
C0448,L05,9.802,10.266,11.235,11.578,Normal,Normal
C0449,L05,9.912,10.744,11.905,12.926,Normal,Normal
C0450,L05,9.897,10.267,11.155,12.027,Normal,Normal
C0451,L05,10.641,11.252,12.35,13.202,Normal,Normal
C0452,L05,9.351,10.167,10.923,11.42,Normal,Normal
C0453,L05,9.883,10.476,11.575,12.823,Normal,Normal
C0454,L05,9.455,16.3,25.084,39.454,Latent_Defect,Anomaly
C0455,L05,11.012,11.513,12.766,13.519,Normal,Normal
C0456,L05,11.094,11.215,11.788,12.681,Normal,Normal
C0457,L05,9.785,17.374,29.47,44.134,Latent_Defect,Anomaly
C0458,L05,9.788,9.965,11.022,11.757,Normal,Normal
C0459,L05,10.213,12.221,17.153,23.909,Gradual_Degradation,Anomaly
C0460,L05,9.519,10.185,10.898,12.087,Normal,Normal
C0461,L05,10.742,11.313,12.499,13.416,Normal,Normal
C0462,L05,10.314,10.56,11.825,12.644,Normal,Normal
C0463,L05,9.765,10.318,11.312,12.118,Normal,Normal
C0464,L05,9.602,10.17,11.393,12.32,Normal,Normal
C0465,L05,9.675,10.44,11.514,12.574,Normal,Normal
C0466,L05,10.05,10.668,11.462,12.779,Normal,Normal
C0467,L05,9.015,9.693,10.48,11.241,Normal,Normal
C0468,L05,9.237,9.743,10.621,11.896,Normal,Normal
C0469,L05,10.053,10.67,11.835,13.888,Normal,Normal
C0470,L05,9.597,10.289,11.232,12.601,Normal,Normal
C0471,L05,9.936,10.738,11.861,12.331,Normal,Normal
C0472,L05,9.725,10.019,19.811,25.01,Sudden_Degradation,Anomaly
C0473,L05,10.218,10.799,12.11,13.407,Normal,Normal
C0474,L05,9.524,10.108,21.551,26.871,Sudden_Degradation,Anomaly
C0475,L05,9.748,10.232,11.439,11.415,Normal,Normal
C0476,L05,9.634,9.93,11.133,11.674,Normal,Normal
C0477,L05,10.333,10.926,11.607,12.128,Normal,Normal
C0478,L05,10.432,11.048,12.283,13.182,Normal,Normal
C0479,L05,9.701,10.486,11.306,12.398,Normal,Normal
C0480,L05,10.901,11.478,12.603,14.164,Normal,Normal
C0481,L05,10.325,10.525,11.816,13.137,Normal,Normal
C0482,L05,10.017,10.325,11.507,12.434,Normal,Normal
C0483,L05,10.267,12.622,18.275,26.201,Gradual_Degradation,Anomaly
C0484,L05,10.544,11.229,27.906,32.289,Sudden_Degradation,Anomaly
C0485,L05,9.721,10.001,11.318,12.693,Normal,Normal
C0486,L05,10.317,10.834,11.507,12.352,Normal,Normal
C0487,L05,10.348,11.018,12.0,13.181,Normal,Normal
C0488,L05,10.387,11.986,17.387,25.437,Gradual_Degradation,Anomaly
C0489,L05,10.004,11.739,16.549,24.818,Gradual_Degradation,Anomaly
C0490,L05,10.122,10.899,11.756,12.41,Normal,Normal
C0491,L05,10.347,10.768,11.574,12.882,Normal,Normal
C0492,L05,10.556,13.33,18.034,26.178,Gradual_Degradation,Anomaly
C0493,L05,9.112,9.694,11.069,11.463,Normal,Normal
C0494,L05,10.609,10.935,11.774,12.092,Normal,Normal
C0495,L05,9.442,10.189,11.351,12.29,Normal,Normal
C0496,L05,10.694,11.423,12.315,12.785,Normal,Normal
C0497,L05,9.793,10.345,11.193,11.526,Normal,Normal
C0498,L05,9.336,16.413,27.953,40.104,Latent_Defect,Anomaly
C0499,L05,10.445,11.152,11.82,12.155,Normal,Normal
C0500,L05,9.586,9.953,10.677,11.275,Normal,Normal
C0501,L06,10.104,10.618,11.592,12.667,Normal,Normal
C0502,L06,10.099,10.436,11.046,12.378,Normal,Normal
C0503,L06,10.406,11.946,15.686,24.612,Gradual_Degradation,Anomaly
C0504,L06,10.328,10.52,26.623,31.964,Sudden_Degradation,Anomaly
C0505,L06,10.195,11.665,15.973,25.668,Gradual_Degradation,Anomaly
C0506,L06,10.022,10.471,11.642,12.617,Normal,Normal
C0507,L06,10.562,10.995,11.736,12.68,Normal,Normal
C0508,L06,10.158,10.696,11.565,11.923,Normal,Normal
C0509,L06,10.875,11.651,12.893,13.504,Normal,Normal
C0510,L06,10.18,10.793,11.558,12.282,Normal,Normal
C0511,L06,9.542,9.876,11.387,12.267,Normal,Normal
C0512,L06,10.807,11.507,12.657,13.846,Normal,Normal
C0513,L06,10.038,10.687,12.112,13.384,Normal,Normal
C0514,L06,10.077,10.92,12.125,13.041,Normal,Normal
C0515,L06,10.536,11.509,12.752,13.645,Normal,Normal
C0516,L06,10.553,11.182,11.78,13.057,Normal,Normal
C0517,L06,9.697,10.541,11.702,12.776,Normal,Normal
C0518,L06,9.76,9.906,10.913,11.146,Normal,Normal
C0519,L06,9.993,10.355,25.859,30.483,Sudden_Degradation,Anomaly
C0520,L06,10.875,11.171,12.087,12.975,Normal,Normal
C0521,L06,10.395,12.531,16.976,25.306,Gradual_Degradation,Anomaly
C0522,L06,9.496,9.773,11.657,13.155,Normal,Normal
C0523,L06,9.324,10.795,15.261,24.267,Gradual_Degradation,Anomaly
C0524,L06,9.427,9.655,10.586,11.245,Normal,Normal
C0525,L06,10.088,11.185,12.31,13.649,Normal,Normal
C0526,L06,10.087,12.153,18.799,25.668,Gradual_Degradation,Anomaly
C0527,L06,10.237,10.552,11.24,12.538,Normal,Normal
C0528,L06,10.056,10.905,11.692,12.189,Normal,Normal
C0529,L06,9.891,10.33,10.905,12.144,Normal,Normal
C0530,L06,9.927,10.308,11.615,13.45,Normal,Normal
C0531,L06,9.207,9.331,10.657,12.079,Normal,Normal
C0532,L06,10.0,10.241,11.339,12.709,Normal,Normal
C0533,L06,9.493,10.01,10.909,11.594,Normal,Normal
C0534,L06,10.217,10.556,11.813,12.719,Normal,Normal
C0535,L06,10.019,10.229,11.216,11.91,Normal,Normal
C0536,L06,11.014,11.706,12.79,14.494,Normal,Normal
C0537,L06,10.186,12.342,15.673,23.486,Gradual_Degradation,Anomaly
C0538,L06,9.881,10.667,11.427,12.401,Normal,Normal
C0539,L06,10.619,11.027,25.476,31.417,Sudden_Degradation,Anomaly
C0540,L06,10.248,10.757,11.575,12.659,Normal,Normal
C0541,L06,10.6,11.002,11.678,12.403,Normal,Normal
C0542,L06,9.373,9.579,10.397,10.515,Normal,Normal
C0543,L06,10.449,12.958,17.791,27.901,Gradual_Degradation,Anomaly
C0544,L06,10.134,10.937,12.074,13.656,Normal,Normal
C0545,L06,10.352,12.668,16.752,24.81,Gradual_Degradation,Anomaly
C0546,L06,10.537,13.148,17.793,25.314,Gradual_Degradation,Anomaly
C0547,L06,10.148,10.741,26.824,33.265,Sudden_Degradation,Anomaly
C0548,L06,10.392,10.954,11.644,12.804,Normal,Normal
C0549,L06,10.905,11.361,12.172,12.769,Normal,Normal
C0550,L06,9.621,9.983,10.988,12.349,Normal,Normal
C0551,L06,9.546,12.154,18.041,26.637,Gradual_Degradation,Anomaly
C0552,L06,10.463,10.744,11.795,13.016,Normal,Normal
C0553,L06,9.412,9.733,10.429,11.71,Normal,Normal
C0554,L06,9.237,9.861,11.026,12.277,Normal,Normal
C0555,L06,9.652,10.268,10.983,12.557,Normal,Normal
C0556,L06,9.77,10.257,11.362,11.736,Normal,Normal
C0557,L06,10.048,10.495,11.696,12.579,Normal,Normal
C0558,L06,9.765,10.394,11.621,12.866,Normal,Normal
C0559,L06,9.492,9.943,11.307,12.068,Normal,Normal
C0560,L06,9.094,9.722,10.909,12.44,Normal,Normal
C0561,L06,10.193,10.912,12.202,13.334,Normal,Normal
C0562,L06,10.817,19.572,30.869,47.996,Latent_Defect,Anomaly
C0563,L06,9.591,10.397,11.608,12.672,Normal,Normal
C0564,L06,9.897,10.509,11.697,13.051,Normal,Normal
C0565,L06,9.704,10.229,11.585,13.054,Normal,Normal
C0566,L06,10.279,10.747,12.336,13.337,Normal,Normal
C0567,L06,10.506,11.274,12.395,12.986,Normal,Normal
C0568,L06,9.397,11.546,18.136,25.605,Gradual_Degradation,Anomaly
C0569,L06,9.832,10.401,11.558,13.09,Normal,Normal
C0570,L06,10.423,12.623,17.658,26.216,Gradual_Degradation,Anomaly
C0571,L06,8.735,9.176,9.679,10.895,Normal,Normal
C0572,L06,10.076,10.729,11.589,12.529,Normal,Normal
C0573,L06,9.963,10.373,11.652,12.757,Normal,Normal
C0574,L06,10.166,10.826,12.015,12.693,Normal,Normal
C0575,L06,10.448,16.816,29.393,43.543,Latent_Defect,Anomaly
C0576,L06,10.596,11.072,11.917,12.839,Normal,Normal
C0577,L06,9.897,10.248,11.05,11.768,Normal,Normal
C0578,L06,9.135,9.589,10.512,11.415,Normal,Normal
C0579,L06,9.969,10.565,11.381,12.802,Normal,Normal
C0580,L06,9.493,9.84,10.609,11.091,Normal,Normal
C0581,L06,9.772,10.308,11.194,12.327,Normal,Normal
C0582,L06,10.441,10.865,11.855,12.516,Normal,Normal
C0583,L06,10.287,11.572,16.761,23.698,Gradual_Degradation,Anomaly
C0584,L06,9.417,9.921,10.892,11.182,Normal,Normal
C0585,L06,9.96,10.293,10.937,11.009,Normal,Normal
C0586,L06,10.271,11.099,12.244,13.391,Normal,Normal
C0587,L06,10.197,11.426,15.478,22.979,Gradual_Degradation,Anomaly
C0588,L06,10.851,11.336,12.71,13.686,Normal,Normal
C0589,L06,10.476,10.902,11.745,11.959,Normal,Normal
C0590,L06,9.754,10.323,11.894,13.545,Normal,Normal
C0591,L06,11.109,11.578,11.949,13.294,Normal,Normal
C0592,L06,9.554,10.134,10.958,11.623,Normal,Normal
C0593,L06,9.696,11.48,16.785,24.594,Gradual_Degradation,Anomaly
C0594,L06,10.034,10.623,11.988,12.783,Normal,Normal
C0595,L06,9.641,10.095,11.215,12.403,Normal,Normal
C0596,L06,10.26,10.564,11.687,12.564,Normal,Normal
C0597,L06,9.581,9.903,10.992,12.142,Normal,Normal
C0598,L06,10.677,11.315,11.689,12.455,Normal,Normal
C0599,L06,9.984,10.303,23.99,28.257,Sudden_Degradation,Anomaly
C0600,L06,9.965,10.643,11.461,12.644,Normal,Normal
C0601,L07,8.626,9.026,10.378,11.232,Normal,Normal
C0602,L07,9.7,9.978,11.209,12.295,Normal,Normal
C0603,L07,10.254,11.539,12.556,13.351,Normal,Normal
C0604,L07,10.6,11.056,12.042,12.873,Normal,Normal
C0605,L07,9.715,10.281,11.037,11.818,Normal,Normal
C0606,L07,10.611,11.013,11.853,12.996,Normal,Normal
C0607,L07,9.635,10.286,11.509,12.555,Normal,Normal
C0608,L07,9.68,10.147,11.176,12.695,Normal,Normal
C0609,L07,9.641,10.29,11.441,12.52,Normal,Normal
C0610,L07,10.348,10.555,11.816,12.634,Normal,Normal
C0611,L07,9.555,10.246,11.544,12.959,Normal,Normal
C0612,L07,9.456,9.7,10.208,11.051,Normal,Normal
C0613,L07,10.498,10.905,24.968,28.813,Sudden_Degradation,Anomaly
C0614,L07,9.452,16.751,28.921,36.939,Latent_Defect,Anomaly
C0615,L07,9.907,10.08,11.328,12.654,Normal,Normal
C0616,L07,10.433,12.499,16.74,26.487,Gradual_Degradation,Anomaly
C0617,L07,10.466,10.919,25.378,30.972,Sudden_Degradation,Anomaly
C0618,L07,9.448,10.133,10.974,11.551,Normal,Normal
C0619,L07,10.612,11.06,12.129,13.814,Normal,Normal
C0620,L07,9.969,10.099,10.688,12.483,Normal,Normal
C0621,L07,10.456,10.977,12.232,13.733,Normal,Normal
C0622,L07,10.955,11.617,23.307,27.347,Sudden_Degradation,Anomaly
C0623,L07,9.939,10.457,11.149,12.11,Normal,Normal
C0624,L07,10.074,11.803,16.86,24.648,Gradual_Degradation,Anomaly
C0625,L07,9.524,10.04,10.516,11.749,Normal,Normal
C0626,L07,9.967,10.557,11.433,13.188,Normal,Normal
C0627,L07,10.278,10.511,10.952,12.363,Normal,Normal
C0628,L07,10.215,10.801,11.415,11.856,Normal,Normal
C0629,L07,9.708,10.416,11.395,12.055,Normal,Normal
C0630,L07,10.617,11.104,12.464,13.279,Normal,Normal
C0631,L07,9.794,10.525,11.648,12.574,Normal,Normal
C0632,L07,10.168,11.059,11.313,12.05,Normal,Normal
C0633,L07,10.227,16.244,31.691,46.69,Latent_Defect,Anomaly
C0634,L07,9.933,10.291,11.474,12.537,Normal,Normal
C0635,L07,9.707,10.252,10.596,12.054,Normal,Normal
C0636,L07,10.202,10.787,11.376,12.092,Normal,Normal
C0637,L07,9.856,10.199,11.546,13.061,Normal,Normal
C0638,L07,9.917,10.281,11.377,12.243,Normal,Normal
C0639,L07,9.953,10.347,11.393,12.801,Normal,Normal
C0640,L07,10.007,11.377,16.557,25.25,Gradual_Degradation,Anomaly
C0641,L07,9.365,12.046,18.638,26.989,Gradual_Degradation,Anomaly
C0642,L07,10.813,12.612,17.799,25.551,Gradual_Degradation,Anomaly
C0643,L07,10.6,11.128,12.348,13.263,Normal,Normal
C0644,L07,10.327,10.733,11.147,12.205,Normal,Normal
C0645,L07,9.091,9.743,11.195,11.918,Normal,Normal
C0646,L07,10.654,12.182,17.079,25.659,Gradual_Degradation,Anomaly
C0647,L07,9.647,17.502,29.649,42.976,Latent_Defect,Anomaly
C0648,L07,10.641,11.359,11.971,13.2,Normal,Normal
C0649,L07,10.225,10.351,11.253,12.118,Normal,Normal
C0650,L07,10.748,11.153,25.764,30.009,Sudden_Degradation,Anomaly
C0651,L07,10.524,11.355,12.243,13.04,Normal,Normal
C0652,L07,9.703,10.182,10.609,12.136,Normal,Normal
C0653,L07,10.036,10.454,11.251,12.653,Normal,Normal
C0654,L07,10.048,10.448,11.46,12.637,Normal,Normal
C0655,L07,10.476,10.772,11.699,13.011,Normal,Normal
C0656,L07,9.685,10.199,11.329,12.517,Normal,Normal
C0657,L07,9.646,11.361,14.773,22.163,Gradual_Degradation,Anomaly
C0658,L07,10.339,10.684,10.812,11.662,Normal,Normal
C0659,L07,9.481,9.654,10.73,11.256,Normal,Normal
C0660,L07,10.304,10.947,11.809,12.532,Normal,Normal
C0661,L07,9.423,9.572,11.043,11.699,Normal,Normal
C0662,L07,10.263,10.535,11.234,11.933,Normal,Normal
C0663,L07,9.267,9.666,10.821,12.21,Normal,Normal
C0664,L07,9.812,10.549,11.315,12.847,Normal,Normal
C0665,L07,9.402,10.08,11.262,12.708,Normal,Normal
C0666,L07,10.526,11.071,12.756,13.509,Normal,Normal
C0667,L07,9.232,9.356,10.7,11.784,Normal,Normal
C0668,L07,10.464,11.073,11.787,12.516,Normal,Normal
C0669,L07,9.614,10.28,24.373,30.268,Sudden_Degradation,Anomaly
C0670,L07,10.451,11.289,12.509,14.222,Normal,Normal
C0671,L07,9.172,10.962,16.545,23.508,Gradual_Degradation,Anomaly
C0672,L07,10.309,11.783,17.01,24.022,Gradual_Degradation,Anomaly
C0673,L07,9.577,10.326,11.264,12.477,Normal,Normal
C0674,L07,9.842,10.337,11.016,12.78,Normal,Normal
C0675,L07,9.36,9.898,10.963,11.994,Normal,Normal
C0676,L07,10.811,11.701,12.201,13.624,Normal,Normal
C0677,L07,9.914,10.568,11.269,12.683,Normal,Normal
C0678,L07,10.951,11.5,27.777,33.835,Sudden_Degradation,Anomaly
C0679,L07,10.184,10.713,11.909,12.454,Normal,Normal
C0680,L07,10.606,11.453,12.182,13.651,Normal,Normal
C0681,L07,10.333,11.221,11.993,13.108,Normal,Normal
C0682,L07,10.768,12.505,16.772,26.127,Gradual_Degradation,Anomaly
C0683,L07,10.585,17.719,30.936,50.468,Latent_Defect,Anomaly
C0684,L07,10.05,10.381,10.913,12.514,Normal,Normal
C0685,L07,9.835,10.293,11.283,12.393,Normal,Normal
C0686,L07,10.534,17.626,32.18,46.856,Latent_Defect,Anomaly
C0687,L07,9.396,9.681,11.043,12.5,Normal,Normal
C0688,L07,9.604,10.024,11.089,11.679,Normal,Normal
C0689,L07,10.55,12.975,17.975,27.058,Gradual_Degradation,Anomaly
C0690,L07,10.373,11.16,12.786,13.38,Normal,Normal
C0691,L07,9.819,10.403,12.169,12.912,Normal,Normal
C0692,L07,9.573,10.09,11.149,11.788,Normal,Normal
C0693,L07,9.226,9.777,11.368,12.361,Normal,Normal
C0694,L07,9.581,9.865,11.342,12.572,Normal,Normal
C0695,L07,10.7,10.931,12.111,12.743,Normal,Normal
C0696,L07,8.987,9.649,22.596,28.826,Sudden_Degradation,Anomaly
C0697,L07,9.518,12.169,15.364,22.186,Gradual_Degradation,Anomaly
C0698,L07,10.109,16.13,26.943,40.611,Latent_Defect,Anomaly
C0699,L07,10.039,10.114,10.494,11.22,Normal,Normal
C0700,L07,9.536,9.988,21.4,25.045,Sudden_Degradation,Anomaly
C0701,L08,9.645,10.536,11.588,12.792,Normal,Normal
C0702,L08,11.222,11.614,12.109,12.699,Normal,Normal
C0703,L08,9.86,10.167,10.915,12.186,Normal,Normal
C0704,L08,10.04,10.404,11.468,12.879,Normal,Normal
C0705,L08,10.553,10.94,11.977,12.661,Normal,Normal
C0706,L08,9.898,10.559,11.536,12.506,Normal,Normal
C0707,L08,10.986,11.209,12.57,13.697,Normal,Normal
C0708,L08,9.977,10.311,11.458,12.686,Normal,Normal
C0709,L08,10.098,10.578,11.746,12.42,Normal,Normal
C0710,L08,9.949,10.351,11.555,12.606,Normal,Normal
C0711,L08,9.889,12.708,17.236,26.08,Gradual_Degradation,Anomaly
C0712,L08,9.913,10.199,11.034,11.975,Normal,Normal
C0713,L08,10.42,10.962,11.874,12.294,Normal,Normal
C0714,L08,10.163,10.905,11.98,13.534,Normal,Normal
C0715,L08,10.222,12.663,16.445,26.192,Gradual_Degradation,Anomaly
C0716,L08,10.026,10.641,11.813,12.303,Normal,Normal
C0717,L08,9.356,9.914,11.335,12.556,Normal,Normal
C0718,L08,9.228,9.754,10.721,11.399,Normal,Normal
C0719,L08,9.806,10.223,11.062,12.008,Normal,Normal
C0720,L08,10.143,10.143,11.47,12.32,Normal,Normal
C0721,L08,10.009,10.275,11.313,12.019,Normal,Normal
C0722,L08,10.507,11.042,12.095,12.56,Normal,Normal
C0723,L08,9.794,10.32,24.344,30.165,Sudden_Degradation,Anomaly
C0724,L08,9.181,9.705,10.998,11.156,Normal,Normal
C0725,L08,10.577,11.354,11.562,12.432,Normal,Normal
C0726,L08,10.055,12.258,16.519,22.921,Gradual_Degradation,Anomaly
C0727,L08,9.836,10.294,11.48,12.896,Normal,Normal
C0728,L08,9.298,10.327,24.961,29.604,Sudden_Degradation,Anomaly
C0729,L08,10.59,16.963,29.968,43.272,Latent_Defect,Anomaly
C0730,L08,9.752,10.371,11.468,12.444,Normal,Normal
C0731,L08,10.25,10.643,11.477,13.117,Normal,Normal
C0732,L08,10.601,12.714,17.077,25.502,Gradual_Degradation,Anomaly
C0733,L08,10.64,10.696,11.744,12.746,Normal,Normal
C0734,L08,10.199,10.534,11.359,11.889,Normal,Normal
C0735,L08,9.901,10.815,12.157,12.464,Normal,Normal
C0736,L08,9.41,9.963,11.591,13.229,Normal,Normal
C0737,L08,10.339,10.677,12.038,12.789,Normal,Normal
C0738,L08,9.189,9.776,11.189,12.314,Normal,Normal
C0739,L08,10.344,11.137,12.017,12.773,Normal,Normal
C0740,L08,10.905,11.11,11.558,12.545,Normal,Normal
C0741,L08,10.32,10.845,11.578,12.553,Normal,Normal
C0742,L08,10.426,11.35,12.638,13.659,Normal,Normal
C0743,L08,10.115,10.829,28.336,33.727,Sudden_Degradation,Anomaly
C0744,L08,10.779,11.192,23.652,28.938,Sudden_Degradation,Anomaly
C0745,L08,9.584,9.956,11.113,11.379,Normal,Normal
C0746,L08,9.222,10.095,11.116,11.599,Normal,Normal
C0747,L08,9.652,9.969,11.37,12.843,Normal,Normal
C0748,L08,9.946,10.646,12.024,13.483,Normal,Normal
C0749,L08,9.513,10.215,24.661,30.112,Sudden_Degradation,Anomaly
C0750,L08,9.763,10.19,29.29,34.29,Sudden_Degradation,Anomaly
C0751,L08,10.391,12.075,16.429,22.737,Gradual_Degradation,Anomaly
C0752,L08,10.28,10.817,12.025,13.319,Normal,Normal
C0753,L08,9.507,9.95,11.11,12.759,Normal,Normal
C0754,L08,10.011,10.219,11.788,12.409,Normal,Normal
C0755,L08,9.583,10.236,10.986,11.73,Normal,Normal
C0756,L08,10.055,10.57,11.696,12.803,Normal,Normal
C0757,L08,9.83,17.2,26.184,37.87,Latent_Defect,Anomaly
C0758,L08,9.988,10.343,11.099,11.654,Normal,Normal
C0759,L08,10.129,10.672,11.502,12.672,Normal,Normal
C0760,L08,10.166,10.694,11.696,11.862,Normal,Normal
C0761,L08,10.08,11.023,12.32,13.074,Normal,Normal
C0762,L08,9.936,10.504,11.723,12.959,Normal,Normal
C0763,L08,9.929,10.497,26.301,30.579,Sudden_Degradation,Anomaly
C0764,L08,10.423,11.153,12.134,13.163,Normal,Normal
C0765,L08,10.037,10.507,11.401,12.821,Normal,Normal
C0766,L08,10.169,10.603,11.784,12.443,Normal,Normal
C0767,L08,11.243,11.796,12.909,14.06,Normal,Normal
C0768,L08,9.703,11.829,17.804,26.861,Gradual_Degradation,Anomaly
C0769,L08,10.436,12.31,17.133,24.205,Gradual_Degradation,Anomaly
C0770,L08,10.036,10.574,11.299,11.964,Normal,Normal
C0771,L08,9.93,12.053,16.235,23.932,Gradual_Degradation,Anomaly
C0772,L08,10.012,16.748,25.876,37.244,Latent_Defect,Anomaly
C0773,L08,10.141,10.214,11.219,12.638,Normal,Normal
C0774,L08,9.431,16.456,28.093,41.88,Latent_Defect,Anomaly
C0775,L08,10.498,11.338,12.758,13.605,Normal,Normal
C0776,L08,10.255,10.658,11.298,11.372,Normal,Normal
C0777,L08,10.429,10.763,12.032,12.363,Normal,Normal
C0778,L08,9.999,10.503,24.587,29.428,Sudden_Degradation,Anomaly
C0779,L08,9.815,10.045,11.189,12.461,Normal,Normal
C0780,L08,10.075,10.517,23.527,28.345,Sudden_Degradation,Anomaly
C0781,L08,8.911,9.447,10.884,12.207,Normal,Normal
C0782,L08,9.947,11.765,16.211,22.243,Gradual_Degradation,Anomaly
C0783,L08,10.052,10.96,25.535,32.039,Sudden_Degradation,Anomaly
C0784,L08,9.995,17.291,27.665,43.312,Latent_Defect,Anomaly
C0785,L08,10.113,10.616,26.193,30.631,Sudden_Degradation,Anomaly
C0786,L08,9.289,11.083,16.884,24.386,Gradual_Degradation,Anomaly
C0787,L08,9.609,9.957,11.028,11.497,Normal,Normal
C0788,L08,9.67,9.838,10.215,11.18,Normal,Normal
C0789,L08,9.925,10.36,11.083,11.886,Normal,Normal
C0790,L08,9.808,10.365,11.42,12.941,Normal,Normal
C0791,L08,10.293,10.711,12.182,13.209,Normal,Normal
C0792,L08,9.68,10.002,10.586,10.946,Normal,Normal
C0793,L08,9.391,9.923,10.77,11.41,Normal,Normal
C0794,L08,10.723,12.729,16.934,25.355,Gradual_Degradation,Anomaly
C0795,L08,9.572,10.091,10.94,11.902,Normal,Normal
C0796,L08,9.933,10.515,11.396,11.922,Normal,Normal
C0797,L08,9.8,17.069,31.699,44.568,Latent_Defect,Anomaly
C0798,L08,10.599,10.803,12.158,13.35,Normal,Normal
C0799,L08,9.899,10.293,10.873,12.401,Normal,Normal
C0800,L08,10.149,11.715,15.941,23.63,Gradual_Degradation,Anomaly
C0801,L09,9.693,10.051,11.406,13.075,Normal,Normal
C0802,L09,9.507,12.069,16.949,23.516,Gradual_Degradation,Anomaly
C0803,L09,9.738,10.336,11.238,12.558,Normal,Normal
C0804,L09,9.445,10.174,10.756,11.992,Normal,Normal
C0805,L09,9.638,10.099,10.938,11.832,Normal,Normal
C0806,L09,9.469,9.96,11.056,12.718,Normal,Normal
C0807,L09,10.07,10.769,11.628,12.456,Normal,Normal
C0808,L09,9.877,10.496,11.274,12.751,Normal,Normal
C0809,L09,10.475,11.024,11.952,12.284,Normal,Normal
C0810,L09,10.372,10.705,22.018,26.128,Sudden_Degradation,Anomaly
C0811,L09,9.968,10.575,11.785,12.684,Normal,Normal
C0812,L09,10.757,12.916,17.276,23.368,Gradual_Degradation,Anomaly
C0813,L09,9.803,12.204,17.332,25.903,Gradual_Degradation,Anomaly
C0814,L09,10.392,12.641,17.196,25.066,Gradual_Degradation,Anomaly
C0815,L09,10.835,11.146,11.923,13.44,Normal,Normal
C0816,L09,9.432,11.627,15.495,23.714,Gradual_Degradation,Anomaly
C0817,L09,10.505,10.836,11.571,11.535,Normal,Normal
C0818,L09,10.03,12.41,17.133,23.521,Gradual_Degradation,Anomaly
C0819,L09,9.869,10.301,11.527,12.052,Normal,Normal
C0820,L09,10.091,10.834,12.035,13.646,Normal,Normal
C0821,L09,10.444,18.205,26.484,42.212,Latent_Defect,Anomaly
C0822,L09,9.714,10.254,24.555,28.782,Sudden_Degradation,Anomaly
C0823,L09,10.19,10.936,12.285,13.25,Normal,Normal
C0824,L09,10.427,10.853,12.014,13.185,Normal,Normal
C0825,L09,9.86,10.104,11.199,12.934,Normal,Normal
C0826,L09,9.416,10.02,10.992,11.897,Normal,Normal
C0827,L09,10.558,11.096,12.272,13.239,Normal,Normal
C0828,L09,10.167,10.701,11.518,12.663,Normal,Normal
C0829,L09,10.156,10.278,10.933,12.071,Normal,Normal
C0830,L09,10.729,16.233,28.944,43.327,Latent_Defect,Anomaly
C0831,L09,10.253,11.043,12.377,13.981,Normal,Normal
C0832,L09,9.875,10.876,11.949,12.116,Normal,Normal
C0833,L09,10.277,10.667,11.629,12.298,Normal,Normal
C0834,L09,9.62,10.506,10.914,12.214,Normal,Normal
C0835,L09,8.967,10.979,15.955,23.409,Gradual_Degradation,Anomaly
C0836,L09,10.298,10.752,12.245,13.389,Normal,Normal
C0837,L09,9.568,16.537,33.319,48.073,Latent_Defect,Anomaly
C0838,L09,9.95,10.131,10.984,12.238,Normal,Normal
C0839,L09,10.011,11.449,16.544,23.869,Gradual_Degradation,Anomaly
C0840,L09,10.589,11.046,11.891,12.856,Normal,Normal
C0841,L09,11.085,11.3,11.93,12.481,Normal,Normal
C0842,L09,9.862,10.199,11.678,12.999,Normal,Normal
C0843,L09,10.431,10.648,12.134,13.089,Normal,Normal
C0844,L09,9.518,9.787,24.743,29.054,Sudden_Degradation,Anomaly
C0845,L09,10.102,10.756,11.524,12.032,Normal,Normal
C0846,L09,10.096,10.825,11.794,12.951,Normal,Normal
C0847,L09,9.631,10.167,11.204,12.488,Normal,Normal
C0848,L09,10.11,11.706,17.476,25.239,Gradual_Degradation,Anomaly
C0849,L09,10.375,10.931,11.812,12.505,Normal,Normal
C0850,L09,10.382,11.107,12.279,12.997,Normal,Normal
C0851,L09,9.231,9.702,10.674,11.576,Normal,Normal
C0852,L09,9.413,16.309,27.532,40.921,Latent_Defect,Anomaly
C0853,L09,10.317,10.677,11.568,12.588,Normal,Normal
C0854,L09,9.971,11.769,17.456,25.536,Gradual_Degradation,Anomaly
C0855,L09,10.57,10.992,12.042,13.209,Normal,Normal
C0856,L09,10.279,10.744,12.115,12.702,Normal,Normal
C0857,L09,10.298,12.062,16.933,24.308,Gradual_Degradation,Anomaly
C0858,L09,9.51,15.42,30.123,45.895,Latent_Defect,Anomaly
C0859,L09,9.969,12.066,17.91,25.723,Gradual_Degradation,Anomaly
C0860,L09,9.662,11.224,17.471,23.941,Gradual_Degradation,Anomaly
C0861,L09,10.815,11.24,12.197,13.068,Normal,Normal
C0862,L09,9.364,9.845,10.662,11.607,Normal,Normal
C0863,L09,10.479,11.02,12.526,13.926,Normal,Normal
C0864,L09,10.849,11.213,12.14,13.141,Normal,Normal
C0865,L09,10.535,11.29,12.336,13.319,Normal,Normal
C0866,L09,10.033,9.991,26.228,32.867,Sudden_Degradation,Anomaly
C0867,L09,10.191,10.753,11.046,11.84,Normal,Normal
C0868,L09,9.617,10.11,11.407,12.32,Normal,Normal
C0869,L09,10.263,10.668,11.109,12.154,Normal,Normal
C0870,L09,10.573,11.053,11.964,12.866,Normal,Normal
C0871,L09,10.493,10.851,11.672,12.477,Normal,Normal
C0872,L09,10.23,10.695,11.692,12.815,Normal,Normal
C0873,L09,10.907,17.564,27.62,43.584,Latent_Defect,Anomaly
C0874,L09,9.951,10.229,11.105,12.079,Normal,Normal
C0875,L09,10.198,10.751,11.238,13.293,Normal,Normal
C0876,L09,10.447,10.896,28.09,31.524,Sudden_Degradation,Anomaly
C0877,L09,8.496,9.11,9.616,10.858,Normal,Normal
C0878,L09,9.662,15.091,27.312,40.059,Latent_Defect,Anomaly
C0879,L09,10.247,10.176,11.002,11.899,Normal,Normal
C0880,L09,9.92,10.506,11.52,12.743,Normal,Normal
C0881,L09,10.928,12.736,19.326,29.607,Gradual_Degradation,Anomaly
C0882,L09,9.412,16.077,28.065,44.422,Latent_Defect,Anomaly
C0883,L09,9.313,9.917,10.962,12.735,Normal,Normal
C0884,L09,10.643,11.021,11.552,12.081,Normal,Normal
C0885,L09,10.718,11.148,12.255,13.801,Normal,Normal
C0886,L09,10.537,10.927,11.935,12.318,Normal,Normal
C0887,L09,10.082,11.021,12.043,13.232,Normal,Normal
C0888,L09,10.529,11.068,11.817,13.387,Normal,Normal
C0889,L09,9.954,10.277,11.162,12.381,Normal,Normal
C0890,L09,9.625,9.876,24.756,30.249,Sudden_Degradation,Anomaly
C0891,L09,10.145,10.246,11.528,12.168,Normal,Normal
C0892,L09,9.213,9.469,9.863,10.822,Normal,Normal
C0893,L09,9.701,15.734,25.092,34.845,Latent_Defect,Anomaly
C0894,L09,10.145,10.654,12.002,13.391,Normal,Normal
C0895,L09,9.61,10.151,11.195,11.932,Normal,Normal
C0896,L09,9.588,11.861,15.674,23.465,Gradual_Degradation,Anomaly
C0897,L09,10.603,10.798,11.683,12.411,Normal,Normal
C0898,L09,9.627,9.991,10.699,11.981,Normal,Normal
C0899,L09,9.346,14.748,24.474,36.688,Latent_Defect,Anomaly
C0900,L09,10.766,11.273,25.454,31.46,Sudden_Degradation,Anomaly
C0901,L10,9.436,10.162,10.645,11.279,Normal,Normal
C0902,L10,10.523,11.175,11.997,13.357,Normal,Normal
C0903,L10,10.85,11.269,12.595,14.236,Normal,Normal
C0904,L10,10.211,11.022,11.403,12.276,Normal,Normal
C0905,L10,10.471,11.009,12.106,14.018,Normal,Normal
C0906,L10,9.017,9.5,9.89,10.909,Normal,Normal
C0907,L10,9.875,10.041,10.86,11.987,Normal,Normal
C0908,L10,10.325,12.557,17.803,24.979,Gradual_Degradation,Anomaly
C0909,L10,10.138,10.877,12.393,12.396,Normal,Normal
C0910,L10,10.048,10.484,10.961,11.742,Normal,Normal
C0911,L10,9.454,9.981,10.831,12.006,Normal,Normal
C0912,L10,10.039,10.75,11.839,12.528,Normal,Normal
C0913,L10,10.079,10.614,11.492,12.245,Normal,Normal
C0914,L10,10.288,10.758,11.913,13.241,Normal,Normal
C0915,L10,10.162,10.556,11.136,12.625,Normal,Normal
C0916,L10,10.16,10.628,11.952,13.329,Normal,Normal
C0917,L10,10.244,10.958,12.064,12.715,Normal,Normal
C0918,L10,9.729,10.215,11.377,12.728,Normal,Normal
C0919,L10,9.666,10.154,11.387,12.364,Normal,Normal
C0920,L10,9.305,10.013,10.908,11.021,Normal,Normal
C0921,L10,10.685,10.968,11.67,13.038,Normal,Normal
C0922,L10,9.619,10.044,11.075,11.882,Normal,Normal
C0923,L10,9.109,9.163,10.462,11.674,Normal,Normal
C0924,L10,9.767,11.162,15.889,24.389,Gradual_Degradation,Anomaly
C0925,L10,9.322,9.866,10.802,12.274,Normal,Normal
C0926,L10,10.298,10.394,11.538,13.137,Normal,Normal
C0927,L10,9.753,10.153,11.19,11.94,Normal,Normal
C0928,L10,10.048,11.811,15.885,22.552,Gradual_Degradation,Anomaly
C0929,L10,9.224,9.857,11.081,12.64,Normal,Normal
C0930,L10,10.779,11.383,12.209,12.746,Normal,Normal
C0931,L10,10.425,17.843,27.55,42.481,Latent_Defect,Anomaly
C0932,L10,10.934,13.431,19.108,27.622,Gradual_Degradation,Anomaly
C0933,L10,9.769,10.421,11.481,12.448,Normal,Normal
C0934,L10,10.039,10.447,11.194,12.415,Normal,Normal
C0935,L10,9.983,10.164,24.242,28.869,Sudden_Degradation,Anomaly
C0936,L10,10.002,10.826,26.617,30.66,Sudden_Degradation,Anomaly
C0937,L10,9.705,10.114,11.554,12.769,Normal,Normal
C0938,L10,9.746,9.874,10.587,11.046,Normal,Normal
C0939,L10,9.208,9.791,25.785,30.491,Sudden_Degradation,Anomaly
C0940,L10,10.147,10.498,26.814,31.744,Sudden_Degradation,Anomaly
C0941,L10,9.407,10.118,10.946,11.835,Normal,Normal
C0942,L10,10.679,11.108,12.213,12.854,Normal,Normal
C0943,L10,9.756,10.471,12.063,13.229,Normal,Normal
C0944,L10,10.517,11.31,12.294,13.074,Normal,Normal
C0945,L10,10.084,12.462,18.334,27.534,Gradual_Degradation,Anomaly
C0946,L10,9.455,11.772,16.946,24.642,Gradual_Degradation,Anomaly
C0947,L10,9.891,10.544,11.027,11.254,Normal,Normal
C0948,L10,10.535,10.88,26.62,32.205,Sudden_Degradation,Anomaly
C0949,L10,9.95,10.438,11.508,12.796,Normal,Normal
C0950,L10,9.521,11.87,16.806,24.506,Gradual_Degradation,Anomaly
C0951,L10,9.497,11.641,17.201,23.984,Gradual_Degradation,Anomaly
C0952,L10,10.814,10.993,12.23,13.002,Normal,Normal
C0953,L10,10.426,16.197,28.209,43.926,Latent_Defect,Anomaly
C0954,L10,9.803,17.122,27.93,41.331,Latent_Defect,Anomaly
C0955,L10,10.404,10.788,11.711,12.446,Normal,Normal
C0956,L10,10.014,10.535,11.365,12.698,Normal,Normal
C0957,L10,10.105,10.408,27.864,32.852,Sudden_Degradation,Anomaly
C0958,L10,10.888,12.704,17.336,24.256,Gradual_Degradation,Anomaly
C0959,L10,9.693,10.232,11.275,12.279,Normal,Normal
C0960,L10,10.673,11.151,12.278,13.802,Normal,Normal
C0961,L10,9.892,10.58,11.23,12.963,Normal,Normal
C0962,L10,9.633,11.365,16.42,22.4,Gradual_Degradation,Anomaly
C0963,L10,10.721,11.118,11.767,13.677,Normal,Normal
C0964,L10,9.88,10.382,11.246,12.936,Normal,Normal
C0965,L10,9.556,11.865,15.78,24.195,Gradual_Degradation,Anomaly
C0966,L10,10.32,11.794,15.558,23.018,Gradual_Degradation,Anomaly
C0967,L10,10.193,10.861,11.427,12.403,Normal,Normal
C0968,L10,9.268,17.582,25.548,33.883,Latent_Defect,Anomaly
C0969,L10,10.407,12.458,18.857,26.467,Gradual_Degradation,Anomaly
C0970,L10,9.883,10.911,11.426,12.334,Normal,Normal
C0971,L10,9.876,17.502,33.933,49.047,Latent_Defect,Anomaly
C0972,L10,9.463,9.987,11.061,11.74,Normal,Normal
C0973,L10,10.741,11.184,12.087,12.624,Normal,Normal
C0974,L10,10.099,10.679,11.422,12.436,Normal,Normal
C0975,L10,10.326,10.5,11.122,12.415,Normal,Normal
C0976,L10,10.466,11.112,12.37,13.471,Normal,Normal
C0977,L10,9.884,10.269,11.538,12.99,Normal,Normal
C0978,L10,9.663,10.014,10.581,11.388,Normal,Normal
C0979,L10,9.959,10.507,11.419,12.527,Normal,Normal
C0980,L10,10.217,10.615,11.653,12.465,Normal,Normal
C0981,L10,9.504,10.925,15.607,24.85,Gradual_Degradation,Anomaly
C0982,L10,9.938,12.174,17.938,25.899,Gradual_Degradation,Anomaly
C0983,L10,9.696,11.933,16.562,25.331,Gradual_Degradation,Anomaly
C0984,L10,10.063,10.328,11.545,12.589,Normal,Normal
C0985,L10,10.504,11.107,11.497,13.342,Normal,Normal
C0986,L10,9.605,10.105,11.582,12.59,Normal,Normal
C0987,L10,9.406,9.896,10.936,11.889,Normal,Normal
C0988,L10,9.458,16.816,27.234,41.302,Latent_Defect,Anomaly
C0989,L10,9.317,11.598,14.118,22.247,Gradual_Degradation,Anomaly
C0990,L10,9.723,10.299,11.039,12.078,Normal,Normal
C0991,L10,10.552,11.001,27.17,31.8,Sudden_Degradation,Anomaly
C0992,L10,10.196,10.564,11.115,12.627,Normal,Normal
C0993,L10,9.667,10.312,11.546,12.159,Normal,Normal
C0994,L10,10.131,10.835,11.48,12.379,Normal,Normal
C0995,L10,10.515,11.174,12.582,13.593,Normal,Normal
C0996,L10,10.011,17.749,25.108,40.674,Latent_Defect,Anomaly
C0997,L10,9.988,10.728,12.091,13.077,Normal,Normal
C0998,L10,9.83,10.564,12.39,13.268,Normal,Normal
C0999,L10,10.365,10.735,11.515,12.392,Normal,Normal
C1000,L10,9.558,9.954,11.099,11.32,Normal,Normal
